,id,timestamp,latitude,longitude,hour
0,David,2020-07-04 15:35:30,10.1489531,77.593651,16
1,David,2020-07-04 16:35:30,10.2223969,77.6528281,17
2,Frank,2020-07-04 14:35:30,10.2365065,77.693792,15
3,Carol,2020-07-04 21:35:30,10.1637157,77.5628422,22
4,Ivan,2020-07-04 22:35:00,10.2320953,77.580273,23
5,Erin,2020-07-04 14:35:30,10.1022351,77.6943819,15
6,Bob,2020-07-04 13:35:30,10.2245008,77.6683103,14
7,Grace,2020-07-04 14:35:30,10.1427781,77.6915602,15
8,Alice,2020-07-04 22:35:00,10.0903683,77.561579,23
9,Frank,2020-07-04 12:35:00,10.208293,77.6646068,13
10,Frank,2020-07-04 23:35:30,10.2496455,77.6037114,24
11,Grace,2020-07-04 20:35:30,10.0224267,77.6597966,21
12,David,2020-07-04 14:35:30,10.2105128,77.590781,15
13,Bob,2020-07-04 15:35:30,10.2120608,77.6998756,16
14,Judy,2020-07-04 23:35:30,10.057201,77.5721872,24
15,Carol,2020-07-04 16:35:30,10.0826863,77.5552731,17
16,Ivan,2020-07-04 20:35:30,10.2410581,77.6323702,21
17,Carol,2020-07-04 22:35:00,10.2478885,77.6825586,23
18,Ivan,2020-07-04 12:35:00,10.1949846,77.5945885,13
19,Erin,2020-07-04 14:35:30,10.1021508,77.6949036,15
20,Ivan,2020-07-04 21:35:30,10.0557012,77.6287195,22
21,Grace,2020-07-04 17:35:00,10.1802384,77.5654353,18
22,Ivan,2020-07-04 13:35:30,10.1684946,77.6764757,14
23,Carol,2020-07-04 17:35:00,10.0122178,77.5979828,18
24,Heidi,2020-07-04 18:35:30,10.1972994,77.6573416,19
25,David,2020-07-04 16:35:30,10.0508392,77.6720238,17
26,Frank,2020-07-04 23:35:30,10.0256411,77.6877398,24
27,David,2020-07-04 14:35:30,10.1473178,77.6476542,15
28,David,2020-07-04 12:35:00,10.0277588,77.5987964,13
29,Judy,2020-07-04 19:30:30,10.126296,77.5627483,20
30,Alice,2020-07-04 20:35:30,10.1460048,77.694831,21
31,Frank,2020-07-04 13:35:30,10.0718167,77.6598341,14
32,Grace,2020-07-04 12:35:00,10.124961,77.6569083,13
33,Ivan,2020-07-04 19:30:30,10.1401623,77.5925943,20
34,Alice,2020-07-04 13:35:30,10.1527119,77.6836231,14
35,Alice,2020-07-04 14:35:30,10.2311017,77.7054541,15
36,Ivan,2020-07-04 15:35:30,10.1523845,77.7019891,16
37,Erin,2020-07-04 15:35:30,10.1416146,77.6812269,16
38,Ivan,2020-07-04 13:35:30,10.1911768,77.6479403,14
39,Judy,2020-07-04 18:35:30,10.0102837,77.7022628,19
40,Judy,2020-07-04 15:35:30,10.1024102,77.5721686,16
41,Alice,2020-07-04 12:35:00,10.1557417,77.601504,13
42,Alice,2020-07-04 19:30:30,10.0370289,77.7026797,20
43,Bob,2020-07-04 13:35:30,10.165858,77.6627689,14
44,Ivan,2020-07-04 17:35:00,10.1858826,77.6710301,18
45,Judy,2020-07-04 15:35:30,10.0770054,77.7051441,16
46,Grace,2020-07-04 22:35:00,10.0118922,77.6298446,23
47,Heidi,2020-07-04 15:35:30,10.1264796,77.6502092,16
48,Erin,2020-07-04 19:30:30,10.218727,77.6655651,20
49,Carol,2020-07-04 19:30:30,10.1275096,77.5874724,20
50,Judy,2020-07-04 15:35:30,10.2347121,77.6336393,16
51,Erin,2020-07-04 13:35:30,10.1073459,77.5949414,14
52,Frank,2020-07-04 16:35:30,10.1196144,77.6835993,17
53,Grace,2020-07-04 20:35:30,10.0720764,77.6448257,21
54,Judy,2020-07-04 15:35:30,10.0701176,77.5644093,16
55,Judy,2020-07-04 19:30:30,10.0254008,77.5956911,20
56,Grace,2020-07-04 13:35:30,10.0186005,77.6675632,14
57,Ivan,2020-07-04 18:35:30,10.2148203,77.5942046,19
58,Heidi,2020-07-04 20:35:30,10.1972535,77.6810406,21
59,Bob,2020-07-04 20:35:30,10.1023446,77.6201972,21
60,Heidi,2020-07-04 21:35:30,10.1172665,77.6287845,22
61,Heidi,2020-07-04 14:35:30,10.1143547,77.7006167,15
62,Bob,2020-07-04 16:35:30,10.1834983,77.6142176,17
63,Judy,2020-07-04 14:35:30,10.1631831,77.6067975,15
64,Grace,2020-07-04 21:35:30,10.2485907,77.6106422,22
65,Judy,2020-07-04 14:35:30,10.2301899,77.6979974,15
66,David,2020-07-04 22:35:00,10.0278957,77.7009044,23
67,Erin,2020-07-04 23:35:30,10.0474302,77.6535994,24
68,Alice,2020-07-04 23:35:30,10.0604557,77.6538071,24
69,Frank,2020-07-04 22:35:00,10.0162714,77.6180376,23
70,Erin,2020-07-04 18:35:30,10.0245701,77.7016673,19
71,Erin,2020-07-04 15:35:30,10.099348,77.6326509,16
72,Bob,2020-07-04 20:35:30,10.1052884,77.6387677,21
73,Ivan,2020-07-04 23:35:30,10.2105555,77.7020588,24
74,Erin,2020-07-04 15:35:30,10.2425201,77.6790448,16
75,Alice,2020-07-04 17:35:00,10.0489629,77.5934593,18
76,Heidi,2020-07-04 17:35:00,10.1482102,77.6433252,18
77,Heidi,2020-07-04 15:35:30,10.2291085,77.5615716,16
78,Carol,2020-07-04 19:30:30,10.0864946,77.608463,20
79,Bob,2020-07-04 23:35:30,10.1199324,77.6003416,24
80,Heidi,2020-07-04 23:35:30,10.195825,77.6322817,24
81,Judy,2020-07-04 20:35:30,10.0915609,77.6666303,21
82,Frank,2020-07-04 18:35:30,10.1039981,77.6052929,19
83,Alice,2020-07-04 16:35:30,10.0157233,77.6282509,17
84,Judy,2020-07-04 14:35:30,10.0915817,77.6536829,15
85,Ivan,2020-07-04 20:35:30,10.1855125,77.5615038,21
86,Erin,2020-07-04 22:35:00,10.2120474,77.6866381,23
87,Ivan,2020-07-04 14:35:30,10.1161751,77.5906848,15
88,David,2020-07-04 12:35:00,10.1037371,77.5937944,13
89,Bob,2020-07-04 15:35:30,10.0767763,77.7042326,16
90,Frank,2020-07-04 17:35:00,10.0932315,77.5968721,18
91,David,2020-07-04 12:35:00,10.0741422,77.6850085,13
92,David,2020-07-04 13:35:30,10.1212952,77.5533811,14
93,Alice,2020-07-04 13:35:30,10.1195633,77.5842921,14
94,David,2020-07-04 18:35:30,10.2244016,77.6509102,19
95,Judy,2020-07-04 16:35:30,10.1764806,77.6193964,17
96,Bob,2020-07-04 15:35:30,10.1723385,77.6620798,16
97,Grace,2020-07-04 23:35:30,10.1150789,77.6979914,24
98,Bob,2020-07-04 19:30:30,10.1807515,77.7044039,20
99,Alice,2020-07-04 19:30:30,10.2062349,77.5952451,20
100,David,2020-07-04 07:30:16,10.0049182,77.6388868,8
101,David,2020-07-03 19:00:48,10.2106593,77.5078168,20
102,David,2020-07-03 20:56:54,10.1775646,77.6679475,21
103,David,2020-07-04 11:16:58,10.0219741,77.5468538,12
104,David,2020-07-04 05:24:36,10.2884212,77.51647,6
105,David,2020-07-03 18:37:03,10.0892105,77.5702377,19
106,David,2020-07-04 04:14:23,10.0283319,77.5941974,5
107,David,2020-07-04 07:15:10,10.1253263,77.574583,8
108,Frank,2020-07-04 00:20:24,10.228847,77.6020991,1
109,Frank,2020-07-04 01:57:41,10.2884728,77.6019965,2
110,Frank,2020-07-03 23:32:20,10.1284525,77.5107675,24
111,Frank,2020-07-03 21:15:18,10.1966204,77.5377217,22
112,Frank,2020-07-04 10:37:57,10.1438075,77.5739649,11
113,Frank,2020-07-03 19:51:54,10.1489877,77.6956545,20
114,Frank,2020-07-04 07:07:51,10.0651581,77.63638,8
115,Frank,2020-07-04 01:35:00,10.2421952,77.5503157,2
116,Frank,2020-07-03 23:56:52,10.0669109,77.6521991,24
117,Carol,2020-07-03 22:23:21,10.0563259,77.6793268,23
118,Carol,2020-07-04 14:33:51,10.1542603,77.6560568,15
119,Ivan,2020-07-04 17:37:54,10.0943911,77.5034733,18
120,Ivan,2020-07-04 16:28:17,10.0438725,77.6532444,17
121,Ivan,2020-07-04 16:39:23,10.0903829,77.5959167,17
122,Ivan,2020-07-03 23:53:52,10.0016481,77.5616944,24
123,Erin,2020-07-04 03:05:27,10.0541543,77.5759856,4
124,Erin,2020-07-03 19:48:23,10.0484629,77.5574398,20
125,Erin,2020-07-04 08:52:24,10.2155071,77.6851221,9
126,Erin,2020-07-03 21:16:36,10.2076868,77.620772,22
127,Erin,2020-07-04 01:37:38,10.1773791,77.600861,2
128,Bob,2020-07-04 11:21:57,10.2732274,77.5800554,12
129,Bob,2020-07-04 07:26:42,10.1961808,77.5507066,8
130,Bob,2020-07-04 11:40:04,10.2662229,77.6912688,12
131,Bob,2020-07-04 09:58:10,10.271596,77.5473907,10
132,Grace,2020-07-04 02:05:24,10.2205883,77.5252412,3
133,Grace,2020-07-04 07:21:10,10.2029247,77.566494,8
134,Grace,2020-07-04 03:53:39,10.2982057,77.6746105,4
135,Grace,2020-07-04 02:19:32,10.1467349,77.6690384,3
136,Grace,2020-07-04 07:13:57,10.0478018,77.6443368,8
137,Grace,2020-07-04 15:42:02,10.0003685,77.5842622,16
138,Grace,2020-07-04 14:32:22,10.2739295,77.5462164,15
139,Grace,2020-07-04 06:25:04,10.0181918,77.5728402,7
140,Grace,2020-07-03 23:04:40,10.051004,77.6169707,24
141,Alice,2020-07-04 09:41:46,10.2561024,77.5805391,10
142,Alice,2020-07-04 13:47:38,10.1482545,77.5104166,14
143,Alice,2020-07-04 10:29:17,10.1846394,77.6841057,11
144,Alice,2020-07-04 06:10:07,10.2380452,77.5968143,7
145,Alice,2020-07-04 11:53:01,10.1903304,77.6639188,12
146,Alice,2020-07-04 00:25:20,10.270851,77.5221931,1
147,Judy,2020-07-04 17:46:06,10.2611762,77.554424,18
148,Judy,2020-07-04 13:26:51,10.1105465,77.5572154,14
149,Judy,2020-07-04 01:49:19,10.2322725,77.5712529,2
150,Judy,2020-07-04 09:34:59,10.0527244,77.6224981,10
151,David,2020-07-04 09:43:12,10.0285125,77.6244403,10
152,David,2020-07-04 06:12:33,10.1225312,77.6710008,7
153,David,2020-07-03 21:17:10,10.0097966,77.6450906,22
154,David,2020-07-04 18:04:59,10.0911912,77.5856961,19
155,David,2020-07-04 06:36:35,10.1482561,77.6970654,7
156,David,2020-07-04 04:43:47,10.2575381,77.6343101,5
157,David,2020-07-04 14:45:09,10.1406416,77.6052093,15
158,David,2020-07-04 03:02:01,10.2098679,77.5156352,4
159,David,2020-07-04 04:29:46,10.230254,77.5236888,5
160,Frank,2020-07-04 03:44:00,10.1462228,77.5107261,4
161,Frank,2020-07-03 19:11:16,10.2989277,77.5607587,20
162,Frank,2020-07-04 15:25:05,10.0944574,77.6366477,16
163,Frank,2020-07-04 07:48:42,10.1033751,77.6883791,8
164,Frank,2020-07-04 16:44:03,10.2519899,77.5104444,17
165,Frank,2020-07-04 10:15:21,10.1571852,77.5641835,11
166,Carol,2020-07-03 19:03:58,10.0069962,77.6666719,20
167,Ivan,2020-07-04 15:57:52,10.1595031,77.5555111,16
168,Ivan,2020-07-04 04:22:50,10.1245298,77.5785477,5
169,Ivan,2020-07-03 20:55:30,10.1433359,77.6703442,21
170,Ivan,2020-07-04 02:00:44,10.170725,77.6142029,3
171,Ivan,2020-07-04 17:02:59,10.0836501,77.5965085,18
172,Ivan,2020-07-04 04:36:45,10.2869735,77.5517187,5
173,Ivan,2020-07-04 01:46:15,10.1622105,77.5018463,2
174,Ivan,2020-07-04 00:39:53,10.0642383,77.567488,1
175,Ivan,2020-07-04 15:57:44,10.1297626,77.6444546,16
176,Ivan,2020-07-04 05:03:01,10.1794917,77.5509542,6
177,Erin,2020-07-04 02:48:17,10.2350704,77.6911611,3
178,Erin,2020-07-04 02:48:04,10.1943912,77.6862893,3
179,Bob,2020-07-03 20:43:11,10.1286011,77.6648425,21
180,Bob,2020-07-04 14:47:34,10.2144023,77.5299279,15
181,Bob,2020-07-04 01:38:23,10.2707988,77.5263741,2
182,Bob,2020-07-04 17:27:35,10.0785577,77.6600478,18
183,Bob,2020-07-04 13:48:25,10.0363678,77.6019697,14
184,Bob,2020-07-03 18:57:48,10.2342266,77.6754144,19
185,Grace,2020-07-04 09:07:59,10.2843611,77.6935965,10
186,Grace,2020-07-04 16:07:21,10.0780108,77.5719094,17
187,Alice,2020-07-04 13:37:13,10.2047018,77.6110799,14
188,Alice,2020-07-04 13:45:17,10.040787,77.6728957,14
189,Alice,2020-07-04 07:23:17,10.2205028,77.5964796,8
190,Judy,2020-07-04 04:37:08,10.1979221,77.644175,5
191,Judy,2020-07-04 03:12:20,10.1025286,77.5938551,4
192,Judy,2020-07-04 04:03:57,10.1983496,77.5840833,5
193,Judy,2020-07-04 03:34:20,10.2018606,77.6148472,4
194,Judy,2020-07-04 00:13:36,10.2826737,77.5816809,1
195,Judy,2020-07-04 12:07:42,10.0195725,77.6005102,13
196,Judy,2020-07-03 19:51:28,10.2931615,77.5719892,20
197,Judy,2020-07-04 17:17:10,10.2728072,77.5768387,18
198,David,2020-07-04 10:09:44,10.1222748,77.5595678,11
199,David,2020-07-04 07:36:27,10.2198287,77.5437043,8
200,Frank,2020-07-03 22:46:49,10.1892233,77.5032971,23
201,Frank,2020-07-04 13:59:23,10.0046605,77.5376049,14
202,Frank,2020-07-03 20:09:43,10.2711781,77.6064429,21
203,Frank,2020-07-03 20:57:41,10.0940932,77.5417083,21
204,Carol,2020-07-04 07:55:05,10.1127099,77.6259355,8
205,Carol,2020-07-04 01:58:46,10.0399828,77.6398812,2
206,Carol,2020-07-03 20:43:26,10.2794523,77.5090167,21
207,Carol,2020-07-04 10:12:11,10.1414236,77.6377261,11
208,Carol,2020-07-04 09:51:40,10.0369935,77.5323494,10
209,Carol,2020-07-04 02:00:04,10.1053797,77.6964264,3
210,Carol,2020-07-04 13:40:52,10.1707076,77.6329193,14
211,Carol,2020-07-03 19:13:08,10.1017547,77.5553525,20
212,Carol,2020-07-04 10:47:30,10.1448223,77.5422609,11
213,Carol,2020-07-04 17:58:32,10.0885977,77.6692701,18
214,Carol,2020-07-04 07:02:25,10.2027481,77.5145485,8
215,Carol,2020-07-04 05:19:35,10.2474897,77.5639081,6
216,Carol,2020-07-03 20:36:39,10.2780641,77.6581156,21
217,Carol,2020-07-04 16:13:55,10.2484307,77.6315495,17
218,Carol,2020-07-04 15:09:20,10.0511908,77.6369742,16
219,Carol,2020-07-03 20:10:52,10.2400495,77.536062,21
220,Carol,2020-07-03 22:21:44,10.129962,77.6168455,23
221,Carol,2020-07-04 03:49:35,10.1010396,77.5745527,4
222,Carol,2020-07-04 06:24:15,10.0270893,77.6509491,7
223,Carol,2020-07-04 17:26:09,10.0961506,77.5354,18
224,Carol,2020-07-03 18:34:46,10.0497258,77.5999103,19
225,Carol,2020-07-04 16:23:58,10.2838145,77.5097628,17
226,Carol,2020-07-04 12:11:23,10.1060848,77.5044673,13
227,Carol,2020-07-04 03:20:23,10.1741496,77.5578641,4
228,Carol,2020-07-03 21:01:02,10.1477169,77.5195795,22
229,Carol,2020-07-04 16:15:08,10.1474267,77.5524321,17
230,Carol,2020-07-03 21:00:26,10.120465,77.5105184,22
231,Carol,2020-07-04 02:48:57,10.1092569,77.611663,3
232,Carol,2020-07-04 05:22:04,10.1066305,77.5412828,6
233,Carol,2020-07-04 00:42:24,10.2361271,77.6693616,1
234,Carol,2020-07-03 19:17:14,10.210107,77.5082255,20
235,Carol,2020-07-04 08:57:24,10.1559916,77.664193,9
236,Carol,2020-07-04 10:25:55,10.0106725,77.6336032,11
237,Carol,2020-07-03 19:09:59,10.0754162,77.5223321,20
238,Carol,2020-07-04 16:04:13,10.0653405,77.6558485,17
239,Carol,2020-07-04 17:01:57,10.1259045,77.6085482,18
240,Carol,2020-07-04 15:53:28,10.1973959,77.6841051,16
241,Carol,2020-07-03 23:01:45,10.1625319,77.683274,24
242,Carol,2020-07-04 15:54:49,10.1467799,77.6385204,16
243,Carol,2020-07-04 00:48:09,10.2250305,77.620741,1
244,Carol,2020-07-03 19:24:55,10.0705527,77.5790882,20
245,Carol,2020-07-04 12:37:01,10.064749,77.5987264,13
246,Carol,2020-07-04 03:43:45,10.2683096,77.6884691,4
247,Carol,2020-07-04 04:18:58,10.1488546,77.5025246,5
248,Ivan,2020-07-04 18:21:23,10.0708188,77.647211,19
249,Ivan,2020-07-04 02:28:52,10.0963387,77.6848368,3
250,Ivan,2020-07-04 03:14:15,10.2962868,77.6715576,4
251,Ivan,2020-07-04 13:16:37,10.1777852,77.5618857,14
252,Ivan,2020-07-04 18:25:40,10.0617147,77.5609334,19
253,Ivan,2020-07-04 11:04:48,10.2555969,77.5056473,12
254,Ivan,2020-07-04 08:23:47,10.0322284,77.5002899,9
255,Ivan,2020-07-04 18:11:54,10.0154943,77.5572788,19
256,Ivan,2020-07-04 10:35:46,10.2798517,77.6754189,11
257,Ivan,2020-07-04 08:54:12,10.1280647,77.5308077,9
258,Ivan,2020-07-03 20:54:32,10.1558228,77.6559234,21
259,Ivan,2020-07-04 17:51:15,10.2829785,77.602733,18
260,Ivan,2020-07-04 08:10:41,10.2366086,77.5350245,9
261,Ivan,2020-07-03 19:49:44,10.0542226,77.6730747,20
262,Ivan,2020-07-03 21:29:49,10.1240612,77.6977039,22
263,Ivan,2020-07-03 22:40:04,10.1061047,77.6218064,23
264,Ivan,2020-07-04 14:00:58,10.2347919,77.5179057,15
265,Ivan,2020-07-04 01:05:12,10.043021,77.6210535,2
266,Ivan,2020-07-04 07:19:53,10.2585511,77.6046165,8
267,Ivan,2020-07-03 20:25:37,10.23781,77.6062745,21
268,Ivan,2020-07-04 02:59:54,10.0529431,77.5725531,3
269,Ivan,2020-07-04 17:58:22,10.1181016,77.5993827,18
270,Ivan,2020-07-03 23:05:39,10.0121005,77.6259266,24
271,Ivan,2020-07-04 07:10:33,10.230425,77.515714,8
272,Ivan,2020-07-04 08:18:51,10.161518,77.599352,9
273,Ivan,2020-07-04 03:49:57,10.0382054,77.5012024,4
274,Ivan,2020-07-04 12:29:52,10.0005127,77.6580125,13
275,Ivan,2020-07-04 08:06:44,10.0336743,77.6676922,9
276,Ivan,2020-07-03 21:11:18,10.0455639,77.5853195,22
277,Ivan,2020-07-04 15:54:01,10.2392387,77.552027,16
278,Ivan,2020-07-04 03:56:26,10.1933224,77.5195702,4
279,Ivan,2020-07-04 06:30:49,10.1097451,77.6814182,7
280,Ivan,2020-07-04 11:11:47,10.1482147,77.5788076,12
281,Ivan,2020-07-04 12:26:55,10.2019414,77.6870886,13
282,Ivan,2020-07-04 00:15:54,10.1083005,77.5879388,1
283,Ivan,2020-07-04 13:41:06,10.1053465,77.5336642,14
284,Ivan,2020-07-04 13:52:43,10.2339181,77.6621289,14
285,Ivan,2020-07-03 19:11:08,10.149447,77.5080966,20
286,Erin,2020-07-04 07:13:17,10.1548043,77.5176546,8
287,Erin,2020-07-04 10:58:25,10.2439897,77.654408,11
288,Erin,2020-07-04 14:29:37,10.2957342,77.5667478,15
289,Erin,2020-07-04 10:14:50,10.2096657,77.6396336,11
290,Erin,2020-07-04 13:28:56,10.1759877,77.5330438,14
291,Erin,2020-07-04 03:57:02,10.1211957,77.6353759,4
292,Erin,2020-07-04 18:20:05,10.1762901,77.5507993,19
293,Erin,2020-07-03 23:59:52,10.1542166,77.5902189,24
294,Erin,2020-07-04 12:49:57,10.0028981,77.6688289,13
295,Erin,2020-07-04 01:03:40,10.2277109,77.6541087,2
296,Erin,2020-07-04 01:26:47,10.1005722,77.6810722,2
297,Erin,2020-07-04 09:41:29,10.1579186,77.5919383,10
298,Erin,2020-07-04 07:58:36,10.2181933,77.5993514,8
299,Erin,2020-07-04 06:38:44,10.1756058,77.6327815,7
300,Erin,2020-07-04 11:38:15,10.1600177,77.5908566,12
301,Erin,2020-07-04 15:42:39,10.0407534,77.5192231,16
302,Erin,2020-07-04 01:34:19,10.1240125,77.6921502,2
303,Erin,2020-07-04 18:05:14,10.0061091,77.5306085,19
304,Erin,2020-07-04 13:18:16,10.234778,77.5216849,14
305,Erin,2020-07-04 02:53:06,10.1802586,77.6808399,3
306,Erin,2020-07-04 07:51:57,10.1271412,77.5017807,8
307,Erin,2020-07-04 07:42:17,10.0902664,77.6107896,8
308,Erin,2020-07-04 04:58:02,10.0334105,77.5687702,5
309,Erin,2020-07-04 14:38:17,10.1035449,77.6145582,15
310,Erin,2020-07-04 15:17:13,10.0102964,77.6964421,16
311,Erin,2020-07-03 18:58:54,10.180962,77.6819217,19
312,Erin,2020-07-04 08:24:42,10.0618563,77.6557696,9
313,Erin,2020-07-04 06:33:36,10.0421046,77.6684823,7
314,Erin,2020-07-03 21:06:14,10.2268001,77.5403986,22
315,Erin,2020-07-04 04:09:14,10.2364264,77.5466951,5
316,Erin,2020-07-04 02:50:25,10.2108897,77.5578534,3
317,Erin,2020-07-04 10:33:02,10.1945877,77.6791912,11
318,Erin,2020-07-04 16:35:22,10.2360469,77.6771081,17
319,Erin,2020-07-04 05:50:53,10.2491524,77.618187,6
320,Bob,2020-07-04 02:31:36,10.1092511,77.6410163,3
321,Bob,2020-07-03 23:32:54,10.2636506,77.5060043,24
322,Bob,2020-07-04 09:43:36,10.0176847,77.6620667,10
323,Bob,2020-07-03 19:28:34,10.2467317,77.6105407,20
324,Bob,2020-07-03 22:12:34,10.1775064,77.5764633,23
325,Bob,2020-07-04 07:38:51,10.2918947,77.6253169,8
326,Bob,2020-07-04 01:48:06,10.0803283,77.5798693,2
327,Bob,2020-07-03 20:03:13,10.0049104,77.551973,21
328,Bob,2020-07-04 02:51:20,10.1924104,77.5674581,3
329,Bob,2020-07-04 13:20:45,10.0410307,77.5447362,14
330,Bob,2020-07-04 02:15:45,10.1232285,77.5857168,3
331,Bob,2020-07-04 17:23:14,10.1039262,77.540153,18
332,Bob,2020-07-03 21:00:29,10.0780234,77.6200632,22
333,Bob,2020-07-04 01:40:24,10.2095375,77.5589766,2
334,Bob,2020-07-04 10:50:39,10.112669,77.5938069,11
335,Bob,2020-07-04 06:31:16,10.0368303,77.6320701,7
336,Bob,2020-07-03 23:55:36,10.2121869,77.6410919,24
337,Bob,2020-07-04 17:57:51,10.094014,77.6580519,18
338,Bob,2020-07-04 12:12:12,10.1080122,77.6698229,13
339,Bob,2020-07-04 05:55:08,10.088772,77.6785353,6
340,Bob,2020-07-04 03:48:46,10.1112883,77.5096172,4
341,Bob,2020-07-04 15:08:58,10.1869466,77.664975,16
342,Bob,2020-07-04 16:16:25,10.1608559,77.6085312,17
343,Bob,2020-07-04 08:47:41,10.105079,77.6356841,9
344,Bob,2020-07-04 15:48:57,10.1950128,77.6573281,16
345,Bob,2020-07-04 06:39:48,10.1231851,77.6230534,7
346,Bob,2020-07-03 23:26:26,10.1420422,77.5327108,24
347,Bob,2020-07-03 22:55:34,10.1710287,77.5379062,23
348,Bob,2020-07-04 06:05:18,10.223996,77.6838472,7
349,Bob,2020-07-04 04:41:30,10.228745,77.6086975,5
350,Bob,2020-07-04 14:27:00,10.2595247,77.6337154,15
351,Bob,2020-07-04 05:14:13,10.0974956,77.6787606,6
352,Bob,2020-07-04 16:20:46,10.1912756,77.5711252,17
353,Bob,2020-07-03 20:10:10,10.0157939,77.6805723,21
354,Bob,2020-07-04 01:38:06,10.0932685,77.5972855,2
355,Bob,2020-07-04 13:59:35,10.0541079,77.6504066,14
356,Bob,2020-07-04 06:01:05,10.0052703,77.685776,7
357,Bob,2020-07-03 20:36:46,10.220533,77.6410673,21
358,Bob,2020-07-03 21:34:56,10.0276561,77.536646,22
359,Bob,2020-07-04 08:08:14,10.2894218,77.6640863,9
360,Bob,2020-07-04 12:31:28,10.0292275,77.6726681,13
361,Bob,2020-07-04 15:02:54,10.0484686,77.6515597,16
362,Bob,2020-07-04 11:08:43,10.2211045,77.6041056,12
363,Bob,2020-07-04 00:26:12,10.0449106,77.5792717,1
364,Bob,2020-07-03 18:34:06,10.1885053,77.5242984,19
365,Bob,2020-07-03 20:51:24,10.096251,77.5218154,21
366,Bob,2020-07-03 19:03:51,10.1840536,77.555576,20
367,Bob,2020-07-04 03:15:08,10.2082469,77.586349,4
368,Bob,2020-07-04 03:13:36,10.2773044,77.5698047,4
369,Bob,2020-07-03 23:28:21,10.1912161,77.5394691,24
370,Bob,2020-07-04 04:35:42,10.2993669,77.6836067,5
371,Bob,2020-07-04 02:47:48,10.2584672,77.5007071,3
372,Bob,2020-07-03 18:56:39,10.2643009,77.5158874,19
373,Bob,2020-07-04 11:10:49,10.2037028,77.5120855,12
374,Bob,2020-07-04 18:11:08,10.0350412,77.6074125,19
375,Bob,2020-07-03 21:16:42,10.0903166,77.644469,22
376,Bob,2020-07-04 11:22:06,10.1236702,77.5633533,12
377,Bob,2020-07-04 04:50:05,10.0688992,77.5807707,5
378,Bob,2020-07-03 20:44:10,10.0371895,77.5494339,21
379,Bob,2020-07-04 11:04:54,10.2624649,77.5030298,12
380,Bob,2020-07-04 08:34:02,10.2110236,77.6656405,9
381,Bob,2020-07-04 12:13:13,10.2891705,77.62102,13
382,Bob,2020-07-04 17:18:22,10.2643391,77.6158682,18
383,Bob,2020-07-04 08:57:30,10.2977159,77.5536891,9
384,Bob,2020-07-04 11:36:25,10.2904166,77.5298577,12
385,Bob,2020-07-04 04:59:21,10.0325499,77.5859204,5
386,Bob,2020-07-04 12:26:13,10.1710069,77.5017708,13
387,Bob,2020-07-04 10:29:13,10.0846319,77.6915088,11
388,Bob,2020-07-03 22:46:26,10.2876394,77.5616418,23
389,Bob,2020-07-03 22:38:42,10.252425,77.5930409,23
390,Bob,2020-07-04 01:29:33,10.0625847,77.6054321,2
391,Grace,2020-07-04 02:53:17,10.008004,77.6102425,3
392,Grace,2020-07-04 03:00:11,10.0527749,77.6751529,4
393,Grace,2020-07-04 02:39:46,10.0019792,77.678796,3
394,Grace,2020-07-04 15:58:59,10.0283032,77.6027441,16
395,Grace,2020-07-03 22:18:11,10.0707344,77.5084828,23
396,Grace,2020-07-04 04:04:40,10.1263901,77.614665,5
397,Grace,2020-07-04 11:59:51,10.1463311,77.6597347,12
398,Grace,2020-07-04 15:40:12,10.2026637,77.6537522,16
399,Grace,2020-07-04 00:49:23,10.2987619,77.6812288,1
400,Grace,2020-07-04 11:58:58,10.1698488,77.5396774,12
401,Grace,2020-07-03 18:55:54,10.2105471,77.5342087,19
402,Grace,2020-07-04 11:32:18,10.1026049,77.508661,12
403,Grace,2020-07-04 08:34:02,10.2724945,77.5032783,9
404,Grace,2020-07-04 17:44:54,10.1490217,77.5108654,18
405,Grace,2020-07-03 22:20:31,10.2854825,77.6792762,23
406,Grace,2020-07-03 21:23:23,10.0709007,77.6211177,22
407,Grace,2020-07-04 14:53:48,10.2838353,77.6364634,15
408,Grace,2020-07-04 01:00:21,10.0877766,77.5407041,2
409,Grace,2020-07-03 21:17:31,10.1668595,77.6445977,22
410,Grace,2020-07-04 08:52:52,10.0395734,77.6759842,9
411,Grace,2020-07-04 14:23:28,10.2105439,77.6461901,15
412,Grace,2020-07-04 02:48:46,10.0779886,77.5917579,3
413,Grace,2020-07-04 13:02:28,10.249411,77.6788919,14
414,Grace,2020-07-03 21:48:26,10.0705259,77.6543495,22
415,Grace,2020-07-03 19:04:22,10.0441842,77.5943858,20
416,Grace,2020-07-04 05:40:04,10.0834739,77.5004196,6
417,Grace,2020-07-04 11:16:49,10.1937821,77.6584101,12
418,Grace,2020-07-04 13:23:26,10.2904068,77.6983224,14
419,Grace,2020-07-04 05:29:07,10.1872793,77.6173275,6
420,Grace,2020-07-03 20:05:27,10.2186781,77.6395078,21
421,Grace,2020-07-03 23:54:14,10.0771059,77.5328689,24
422,Grace,2020-07-04 16:02:14,10.2734693,77.537081,17
423,Grace,2020-07-04 15:14:21,10.1459579,77.660661,16
424,Grace,2020-07-04 07:25:16,10.2184889,77.5935808,8
425,Grace,2020-07-04 03:09:30,10.2861858,77.5121751,4
426,Grace,2020-07-03 22:42:34,10.144335,77.6237531,23
427,Grace,2020-07-04 16:31:11,10.1128121,77.6532698,17
428,Grace,2020-07-03 18:50:58,10.1846818,77.5945823,19
429,Grace,2020-07-04 07:32:33,10.1097836,77.5935381,8
430,Grace,2020-07-04 02:51:37,10.021788,77.6831928,3
431,Grace,2020-07-03 21:09:10,10.2251785,77.6017432,22
432,Grace,2020-07-04 14:07:11,10.0979853,77.5849143,15
433,Grace,2020-07-03 19:17:54,10.2086612,77.5339888,20
434,Grace,2020-07-04 11:12:22,10.0249063,77.6409378,12
435,Grace,2020-07-04 15:07:25,10.098803,77.5670404,16
436,Grace,2020-07-04 08:47:32,10.212345,77.5891902,9
437,Grace,2020-07-04 18:03:49,10.0223853,77.5875026,19
438,Grace,2020-07-04 04:25:57,10.1556871,77.5674198,5
439,Grace,2020-07-03 19:06:42,10.0400098,77.6547281,20
440,Grace,2020-07-04 04:44:52,10.2350424,77.5702668,5
441,Grace,2020-07-04 17:59:22,10.0256928,77.5177576,18
442,Grace,2020-07-03 21:28:45,10.0800743,77.6918159,22
443,Grace,2020-07-04 14:10:01,10.0828258,77.5378916,15
444,Grace,2020-07-04 12:53:30,10.0497078,77.5806749,13
445,Grace,2020-07-04 05:26:30,10.024669,77.5748352,6
446,Grace,2020-07-04 07:29:50,10.2111235,77.6591453,8
447,Grace,2020-07-04 11:08:53,10.1010937,77.6353412,12
448,Grace,2020-07-04 11:45:43,10.2892318,77.611011,12
449,Grace,2020-07-03 20:30:38,10.0831026,77.5444911,21
450,Grace,2020-07-04 09:11:12,10.2591997,77.6124281,10
451,Grace,2020-07-04 04:17:37,10.0355651,77.6185311,5
452,Grace,2020-07-03 19:39:57,10.0597663,77.5587432,20
453,Grace,2020-07-04 11:54:04,10.1946486,77.5648044,12
454,Grace,2020-07-04 15:45:02,10.175881,77.5256817,16
455,Grace,2020-07-03 19:11:38,10.1662808,77.5892586,20
456,Grace,2020-07-04 00:39:31,10.1085908,77.5526306,1
457,Grace,2020-07-04 17:34:46,10.2977838,77.6606801,18
458,Grace,2020-07-04 18:21:22,10.0743165,77.592275,19
459,Grace,2020-07-04 18:29:04,10.1451672,77.5824242,19
460,Grace,2020-07-03 21:06:04,10.1063495,77.5830772,22
461,Grace,2020-07-04 01:13:26,10.2288226,77.5576127,2
462,Grace,2020-07-04 10:28:21,10.0865331,77.5419672,11
463,Grace,2020-07-04 09:30:15,10.2851554,77.5960118,10
464,Grace,2020-07-04 17:33:54,10.2478525,77.6482652,18
465,Grace,2020-07-03 21:48:08,10.0289121,77.5479873,22
466,Grace,2020-07-04 04:32:30,10.2011575,77.5057414,5
467,Grace,2020-07-04 13:49:00,10.0357117,77.5898009,14
468,Grace,2020-07-04 10:02:15,10.2391021,77.6315946,11
469,Grace,2020-07-04 14:14:26,10.1048523,77.6886406,15
470,Grace,2020-07-03 21:11:42,10.0526752,77.5840046,22
471,Grace,2020-07-04 18:09:41,10.0433607,77.6521124,19
472,Grace,2020-07-03 20:48:40,10.2090546,77.6989904,21
473,Grace,2020-07-04 04:05:21,10.2108893,77.6901607,5
474,Grace,2020-07-04 00:38:44,10.1639499,77.6329664,1
475,Grace,2020-07-04 12:19:17,10.2876494,77.5418923,13
476,Grace,2020-07-04 12:15:35,10.1210276,77.6537894,13
477,Grace,2020-07-03 20:20:14,10.1531044,77.6801053,21
478,Grace,2020-07-04 07:09:15,10.2089228,77.6788169,8
479,Grace,2020-07-04 00:32:30,10.0910108,77.5393279,1
480,Grace,2020-07-03 20:57:21,10.1434449,77.5675728,21
481,Grace,2020-07-04 06:58:53,10.1722971,77.6763807,7
482,Grace,2020-07-03 21:20:43,10.2892893,77.6994119,22
483,Grace,2020-07-04 06:21:20,10.2901888,77.5631158,7
484,Grace,2020-07-03 23:20:57,10.2490936,77.6859602,24
485,Alice,2020-07-04 06:51:59,10.178862,77.5809622,7
486,Alice,2020-07-03 23:58:16,10.1049057,77.654071,24
487,Alice,2020-07-04 00:22:07,10.1873299,77.6519741,1
488,Alice,2020-07-04 07:58:46,10.2570588,77.5369809,8
489,Alice,2020-07-04 00:57:31,10.2624652,77.6622377,1
490,Alice,2020-07-04 02:32:40,10.1545994,77.6380565,3
491,Alice,2020-07-04 13:34:34,10.1033457,77.5426003,14
492,Alice,2020-07-04 05:55:41,10.2514103,77.5498032,6
493,Judy,2020-07-04 11:10:50,10.1883028,77.5428992,12
494,Judy,2020-07-04 13:30:31,10.2276016,77.653051,14
495,Judy,2020-07-04 17:15:18,10.255175,77.600431,18
496,Judy,2020-07-04 12:04:53,10.1758203,77.5489983,13
497,Judy,2020-07-04 12:37:09,10.1154108,77.6786631,13
498,Judy,2020-07-04 10:16:35,10.1781045,77.6225659,11
499,Judy,2020-07-03 22:46:56,10.2904212,77.6510943,23
500,Judy,2020-07-03 20:44:41,10.0554986,77.681492,21
501,Judy,2020-07-04 05:18:57,10.1429078,77.5053954,6
502,Judy,2020-07-04 14:46:14,10.0830598,77.5477451,15
503,Judy,2020-07-04 14:17:51,10.1636264,77.5394521,15
504,Judy,2020-07-04 18:21:00,10.2129637,77.5305002,19
505,Judy,2020-07-04 16:42:50,10.2910494,77.6586598,17
506,Judy,2020-07-04 02:29:25,10.260169,77.6080094,3
507,Judy,2020-07-03 18:44:19,10.1665552,77.6728248,19
508,Judy,2020-07-04 03:49:58,10.2681494,77.5698072,4
509,Judy,2020-07-04 03:38:32,10.0419859,77.6004818,4
510,Judy,2020-07-04 12:30:01,10.2293494,77.5620412,13
511,Judy,2020-07-03 22:21:49,10.1662977,77.6502594,23
512,Judy,2020-07-04 02:12:34,10.2368091,77.573861,3
513,Judy,2020-07-04 00:42:21,10.0839514,77.5891242,1
514,Judy,2020-07-04 09:14:23,10.1536625,77.6800073,10
515,Judy,2020-07-04 14:21:16,10.2469166,77.5631458,15
516,Judy,2020-07-04 08:34:40,10.2214664,77.5248741,9
517,Judy,2020-07-03 21:03:25,10.1853291,77.6059109,22
518,Judy,2020-07-03 21:47:14,10.2572773,77.5750674,22
519,Judy,2020-07-04 00:46:37,10.1030928,77.515992,1
520,Judy,2020-07-04 08:15:36,10.273265,77.5068635,9
521,Judy,2020-07-04 16:16:10,10.002911,77.6851033,17
522,Judy,2020-07-04 16:30:32,10.0174462,77.6068444,17
523,Judy,2020-07-04 10:08:06,10.1705002,77.6881047,11
524,Judy,2020-07-03 21:40:33,10.1103589,77.6887774,22
525,Judy,2020-07-04 06:06:54,10.0558141,77.5359671,7
526,Judy,2020-07-04 04:14:07,10.2205287,77.5403584,5
527,Judy,2020-07-04 03:17:49,10.1762047,77.6582687,4
528,Judy,2020-07-04 03:42:25,10.2835343,77.6627577,4
529,Judy,2020-07-04 06:11:19,10.0277773,77.5777053,7
530,Judy,2020-07-04 14:42:43,10.0172298,77.6332573,15
531,Judy,2020-07-04 12:59:01,10.1754398,77.6046537,13
532,Judy,2020-07-04 02:36:47,10.2767386,77.6360142,3
533,Judy,2020-07-04 08:39:05,10.2359514,77.676121,9
534,Judy,2020-07-04 02:44:01,10.2005881,77.6481073,3
535,Judy,2020-07-03 22:50:21,10.0015461,77.5238067,23
536,Judy,2020-07-04 01:04:37,10.1784827,77.6071563,2
537,Judy,2020-07-04 07:43:06,10.2553334,77.6061662,8
538,Judy,2020-07-04 15:28:11,10.141881,77.5775686,16
539,Judy,2020-07-04 08:00:44,10.0709055,77.530145,9
540,Judy,2020-07-04 14:06:46,10.0053738,77.5095276,15
541,Judy,2020-07-03 18:45:27,10.0320495,77.673333,19
542,Judy,2020-07-04 04:44:58,10.1161217,77.6498121,5
543,Judy,2020-07-04 07:52:25,10.2555728,77.6070546,8
544,Judy,2020-07-03 23:56:48,10.2923162,77.6243185,24
545,Judy,2020-07-04 01:36:43,10.1148779,77.5443247,2
546,Judy,2020-07-04 18:22:43,10.0518011,77.5267719,19
547,Judy,2020-07-03 22:43:10,10.1994487,77.5997489,23
548,Judy,2020-07-04 05:11:17,10.1492893,77.6245399,6
549,Judy,2020-07-04 04:22:14,10.0058463,77.5598693,5
550,Judy,2020-07-04 11:14:31,10.0956154,77.6258559,12
551,Judy,2020-07-03 19:52:05,10.2992495,77.6885563,20
552,Judy,2020-07-03 18:44:24,10.2047885,77.68582,19
553,Judy,2020-07-03 20:59:39,10.0064407,77.6584428,21
554,Judy,2020-07-04 03:58:38,10.2318045,77.5908534,4
555,Judy,2020-07-04 05:53:49,10.1794424,77.6923364,6
556,Judy,2020-07-04 05:20:15,10.2402975,77.6735026,6
557,Judy,2020-07-04 07:46:13,10.1279202,77.5886075,8
558,Judy,2020-07-04 04:03:23,10.1767159,77.5260187,5
559,Judy,2020-07-04 09:08:02,10.1533607,77.5058961,10
560,Judy,2020-07-04 03:00:35,10.2564303,77.6856692,4
561,Judy,2020-07-04 03:58:25,10.1773016,77.6561205,4
562,Judy,2020-07-04 06:58:48,10.2982684,77.6118355,7
563,Judy,2020-07-04 12:33:22,10.1669066,77.6245959,13
564,Judy,2020-07-04 13:27:00,10.1923847,77.5481702,14
565,Judy,2020-07-04 00:41:00,10.1048843,77.532127,1
566,Judy,2020-07-03 22:33:53,10.1869439,77.6428843,23
567,Judy,2020-07-04 17:46:15,10.2649167,77.6182163,18
568,Judy,2020-07-04 07:23:51,10.0628746,77.5581075,8
569,Judy,2020-07-03 21:00:11,10.0954289,77.5634775,22
570,Judy,2020-07-04 05:21:39,10.2561531,77.5555649,6
571,Judy,2020-07-04 15:40:00,10.0151997,77.6228672,16
572,Judy,2020-07-04 03:55:44,10.2943901,77.5544823,4
573,Judy,2020-07-03 20:07:51,10.2152846,77.6359618,21
574,Judy,2020-07-04 14:44:41,10.2538818,77.6490099,15
575,Judy,2020-07-04 11:33:20,10.119027,77.6249032,12
576,Judy,2020-07-04 05:25:03,10.1050793,77.6320796,6
577,Judy,2020-07-04 18:17:47,10.1887759,77.61757,19
578,Judy,2020-07-04 06:00:21,10.0527397,77.6356062,7
579,Judy,2020-07-04 15:34:30,10.0298416,77.6214467,16
